{
    "info": {
      "name": "API Test Collection",
      "schema": "https://schema.getpostman.com/json/collection/v2.1.0/collection.json"
    },
    "item": [
      {
        "name": "Create User (POST)",
        "request": {
          "method": "POST",
          "header": [
            { "key": "Content-Type", "value": "application/json", "type": "text" }
          ],
          "body": {
            "mode": "raw",
            "raw": "{\n  \"nome\": \"Carlos Silva\",\n  \"email\": \"carlos@example.com\",\n  \"senha\": \"password123\"\n}"
          },
          "url": {
            "raw": "http://localhost/Prova/API/USERS/crud.php",
            "protocol": "http",
            "host": ["localhost"],
            "path": ["Prova", "API", "users", "crud.php"]
          }
        },
        "response": []
      },
      {
        "name": "Get All Users (GET)",
        "request": {
          "method": "GET",
          "url": {
            "raw": "http://localhost/Prova/API/USERS/crud.php",
            "protocol": "http",
            "host": ["localhost"],
            "path": ["Prova", "API", "users", "crud.php"]
          }
        },
        "response": []
      },
      {
        "name": "Get User by ID (GET)",
        "request": {
          "method": "GET",
          "url": {
            "raw": "http://localhost/Prova/API/USERS/crud.php?id=1",
            "protocol": "http",
            "host": ["localhost"],
            "path": ["Prova", "API", "users", "crud.php"],
            "query": [
              { "key": "id", "value": "1" }
            ]
          }
        },
        "response": []
      },
      {
        "name": "Update User (PUT)",
        "request": {
          "method": "PUT",
          "header": [
            { "key": "Content-Type", "value": "application/json", "type": "text" }
          ],
          "body": {
            "mode": "raw",
            "raw": "{\n  \"id\": 1,\n  \"nome\": \"Carlos Santos\",\n  \"email\": \"carlos.santos@example.com\",\n  \"senha\": \"newpassword123\"\n}"
          },
          "url": {
            "raw": "http://localhost/Prova/API/USERS/crud.php",
            "protocol": "http",
            "host": ["localhost"],
            "path": ["Prova", "API", "users", "crud.php"]
          }
        },
        "response": []
      },
      {
        "name": "Delete User (DELETE)",
        "request": {
          "method": "DELETE",
          "url": {
            "raw": "http://localhost/Prova/API/USERS/crud.php?id=1",
            "protocol": "http",
            "host": ["localhost"],
            "path": ["Prova", "API", "users", "crud.php"],
            "query": [
              { "key": "id", "value": "1" }
            ]
          }
        },
        "response": []
      },
      {
        "name": "Validate Login (POST)",
        "request": {
          "method": "POST",
          "header": [
            { "key": "Content-Type", "value": "application/json", "type": "text" }
          ],
          "body": {
            "mode": "raw",
            "raw": "{\n  \"email\": \"carlos@example.com\",\n  \"senha\": \"password123\"\n}"
          },
          "url": {
            "raw": "http://localhost/Prova/API/AUTH/validate.php",
            "protocol": "http",
            "host": ["localhost"],
            "path": ["Prova", "API", "auth", "validate.php"]
          }
        },
        "response": []
      }
    ]
  }
  